MFCC,Pitch,Intensity,Zero Crossing Rates
-31.361406,0.2881750222175754,0.0042630234,0.40109049479166664
-33.047295,0.2606105733432614,0.002151009,0.2988104762801205
-27.778505,0.2583631144179507,0.008675287,0.33361889502245506
-27.208641,0.27245767947609045,0.005951181,0.2963467963836478
-32.984222,0.2938276211289377,0.0031396903,0.32997847576530615
-30.562044,0.29097387173396677,0.003992747,0.2302065855704698
-35.68358,0.3027307549734338,0.0024753462,0.26139778190559443
-31.97925,0.25836614173228345,0.0026046934,0.2673705323727545
