MFCC,Intensity,Zero Crossing Rates
-31.361406,0.0042630234,0.40109049479166664
-33.047295,0.002151009,0.2988104762801205
-27.778505,0.008675287,0.33361889502245506
-27.208641,0.005951181,0.2963467963836478
-32.984222,0.0031396903,0.32997847576530615
