Emotions,Happy,Sad,Angry,Fearful,Surprised
MFCC,-31.361406,-33.047295,-27.778505,-27.208641,-32.984222
Intensity,0.004263023,0.002151009,0.008675287,0.005951181,0.00313969
Zero Crossing Rates,0.401090495,0.298810476,0.333618895,0.296346796,0.329978476
