Emotions,Happy,Sad,Angry,Fearful,Surprised,Neutral,Neutral2,Disgust
MFCC,-31.361406,-33.047295,-27.778505,-27.208641,-32.984222,-30.562044,-35.68358,-31.97925
Intensity,0.004263023,0.002151009,0.008675287,0.005951181,0.00313969,0.003992747,0.002475346,0.002604693
Zero Crossing Rates,0.401090495,0.298810476,0.333618895,0.296346796,0.329978476,0.230206586,0.261397782,0.267370532
