MFCC,Pitch,Intensity,Zero Crossing Rates,Emotions
-31.361406,0.288175022,0.004263023,0.401090495,Happy
-33.047295,0.260610573,0.002151009,0.298810476,Sad
-27.778505,0.258363114,0.008675287,0.333618895,Angry
-27.208641,0.272457679,0.005951181,0.296346796,Fearful
-32.984222,0.293827621,0.00313969,0.329978476,Surprised
-30.562044,0.290973872,0.003992747,0.230206586,Neutral
-35.68358,0.302730755,0.002475346,0.261397782,Neutral
-31.97925,0.258366142,0.002604693,0.267370532,Disgust
